Estado, Sul , Norte , Leste , Oeste , Pegar Passageiro , Deixar Passageiro 
0,0.0,0.0,0.0,0.0,0.0,0.0
1,-0.5858107162366331,0.45910141631269485,-0.5859921295621573,0.46034996683060614,1.6226146699999986,-8.540820310742049
2,4.348876178067467,5.943055165822679,4.348837870891224,5.94214390040384,7.714700000000001,-3.056810035066043
3,0.4603505973273063,1.6225056408107037,0.4603495182400248,1.6222860164654636,2.9140162999999983,-7.377405103362046
4,-4.996845490739813,-6.409200072257755,-5.734212976685292,-5.939236663960939,-14.20962292778025,-13.309184262947223
5,0.0,0.0,0.0,0.0,0.0,0.0
6,-4.996845490202875,-6.0760284858221105,-6.595403456191271,-6.221995016342397,-14.778279063626801,-14.911659757059006
7,-3.1369622687081593,-5.380082966034282,-5.420571044543776,-5.319422096812683,-13.361643937730348,-13.081233688241213
8,1.6226146699584354,-4.772383312523186,-4.594432851124131,-4.837863428474371,-11.977089197143556,-11.50663466796875
9,-2.374402516995642,-4.520922526343386,-6.010839933227707,-6.155708484509986,-14.649653005448684,-14.246920440023699
10,0.0,0.0,0.0,0.0,0.0,0.0
11,-1.5271139055700012,-2.974359030051775,-3.5359192294780186,-3.5726700734941055,-13.079256024486261,-11.348225455532388
12,-5.969047704246698,-5.941432361457479,-3.823266161662396,-5.2759530081434125,-13.638489023226935,-13.685384715716651
13,-4.109206180583779,-5.916897383875898,-2.3744025151332595,-4.573791065553682,-13.96805876101821,-12.194700805482132
14,-3.823266037344715,-5.388921765082456,-5.0906287234660015,-6.34962524107927,-14.012806474286439,-13.873253669677021
15,0.0,0.0,0.0,0.0,0.0,0.0
16,14.299999999999939,16.999999999984027,14.299999999999983,16.99999999999998,7.999999998020932,20.0
17,2.913677779164345,1.6169202903800648,2.9140162999999983,1.6224377945607746,-7.377481285658372,0.46033180080090225
18,9.683,7.714384634780885,5.943152672106189,7.713471292114258,-1.285379502924395,5.943228936449904
19,4.348905174926694,2.913950963670075,4.348906999999999,2.9139928380510707,-6.0865394433119455,1.6226131892804747
20,0.0,0.0,0.0,0.0,0.0,0.0
21,-3.373494365989058,-4.897591065956739,-5.072101796083258,0.46035320299909865,-8.855731789838174,-10.86727683550628
22,-3.939114131871319,0.3603824108886715,-3.766187956542969,5.94323,-8.764354486579666,-8.836002143672562
23,-1.4404969809083505,-0.1025459065076178,-0.6496677116567479,1.6226146699999986,-9.367702730159884,-12.525353320693359
24,-4.440939433598169,-5.720199893678622,-6.448505157586106,-6.511308807115594,-13.586977177258191,-15.085290635002899
25,0.0,0.0,0.0,0.0,0.0,0.0
26,-4.4409394350760945,-6.346791961214301,-6.521600957559608,-6.5859266135929335,-13.079405607326454,-13.950952095441668
27,-2.3744025153659325,-5.1377095348579775,-5.201490649156506,-4.251915976819779,-11.746603422089844,-12.269189923172245
28,0.4603531323755661,-4.867486806123908,-4.855453018814789,-4.851780741336945,-12.172367952880858,-12.78009809458008
29,-3.1369622644072472,-6.055754614373478,-6.0116095313426055,-4.566624509586566,-13.850535595987168,-14.249194495501339
30,0.0,0.0,0.0,0.0,0.0,0.0
31,-5.027516683897057,-3.9624364057808785,-4.126018656076222,-2.3744025150169565,-11.030893554687502,-13.696548588097688
32,-3.136962263511701,-4.292849316815156,-4.759186331209478,-5.337559970154883,-13.643857171562939,-13.142656568704364
33,-1.5271139055700012,-4.097734644865487,-5.6537738970579685,-4.445383995004671,-14.917546546978535,-12.689416151175223
34,-3.136962597794703,-6.204147850972653,-5.024266261602951,-6.25437665248904,-13.489170435526335,-13.393318736402087
35,0.0,0.0,0.0,0.0,0.0,0.0
36,-0.5,7.149735626392067,0.0,17.0,4.63749999895998,0.0
37,4.348906999999999,2.913991393478743,2.913806196755443,1.622503678804455,-6.0860204831647895,-6.095977569061089
38,7.714696509922367,-2.4896015625,1.7386561491320767,-2.50001953125,-10.790984375,-8.045625000000001
39,5.94323,4.3485899163349835,4.3488348687019105,2.91397201691942,-4.651142768107139,-4.651193037044514
40,0.0,0.0,0.0,0.0,0.0,0.0
41,-3.8232671884828187,-6.418361162959662,-6.343947418029879,-6.243267903085163,-13.540392785491427,-13.31523809616545
42,-0.5856821176750083,-3.567255937184177,-5.689198887116907,-5.673718708491813,-12.251827876841396,-11.8949648440464
43,-3.136962263511701,-4.184952250391315,-4.979837465986693,-4.227708799904061,-13.337150122142589,-12.995759908389775
44,-3.083627335680946,-3.3386375196428593,-0.5856821173143842,-5.126293236153334,-13.469708268507766,-13.05107055835528
45,0.0,0.0,0.0,0.0,0.0,0.0
46,-5.167831702367905,-3.4124277199887225,-0.5856821173000012,-3.4930312871869065,-10.973520195699528,-13.964181414139352
47,0.4603532029999978,-3.982867481079102,-0.39675192708740314,-4.007855961547852,-12.198412586425782,-12.327706562988283
48,-0.5856821173000011,-2.5294502480686285,-4.82260133344688,-3.770517831164296,-12.23801486215055,-13.762530836770193
49,-3.8232660371645393,-6.594754989850095,-6.680688372029755,-5.258495821578558,-14.217010217984779,-13.88332906601593
50,0.0,0.0,0.0,0.0,0.0,0.0
51,-3.1369622640388313,-5.862154621299261,-5.167224055995343,-4.8544133645678595,-13.39627793820021,-13.522626743810363
52,-5.700386285958393,-4.48408744315466,-2.3744025171787313,-5.760667683586268,-12.208295452697755,-13.134334202019016
53,-0.5856821198785299,-4.471667921538265,-3.3138398375413414,-5.237805804551046,-12.63682624479431,-12.959659296605706
54,-4.387151319631364,-4.581509906791573,-2.374402515168553,-6.049252507840764,-13.18697563125524,-12.612712001429951
55,0.0,0.0,0.0,0.0,0.0,0.0
56,5.94323,4.347975804212757,2.912515849934577,4.347828848040564,-4.6511555137524,-4.6512574962155355
57,9.023003789147358,-0.9375,14.3,5.44749999999913,-1.0397337103174205,-5.0
58,-0.6496349696678034,-3.3090904839843747,-3.4257236323242193,-3.284594499609375,-10.573968566210938,-12.400590799438476
59,-1.7258749999999998,-2.14419921875,-2.023359375,-2.137265625,-10.9734375,-9.188749999999999
60,0.0,0.0,0.0,0.0,0.0,0.0
61,-4.440939433444479,-6.526559746065462,-5.63045124497969,-5.444920390911126,-13.569970640722321,-14.36568821918127
62,-5.730227981798534,-5.716162704911506,-3.1369622658608005,-3.6047981170088113,-14.087573639794696,-13.885095468449862
63,-4.60890197223343,-4.876160736764176,-5.317181671158146,-3.823266097843456,-13.452466206042539,-13.485043720672147
64,-2.40573613466702,-1.6204127525214793,0.4603532029999988,-3.300259683110801,-10.50190638637093,-10.707610816952045
65,0.0,0.0,0.0,0.0,0.0,0.0
66,-1.5340063513191642,-0.7147030433706217,0.4603532029999988,-1.5340296250447487,-9.662113411958273,-9.586584052765009
67,1.612760531664618,2.9079922137914647,4.348906999999999,-0.6136294349396763,-6.086038298702401,-6.087468552669169
68,-5.596069214077345,-4.030236331315134,-4.375937287778408,-1.5271139077083506,-13.156857425265839,-12.878394259948614
69,-4.440939433444479,-6.643893490445246,-6.716626281172633,-5.1361457963831345,-14.31145385531093,-14.322677146142933
70,0.0,0.0,0.0,0.0,0.0,0.0
71,-3.8232660390752233,-6.050973484778023,-6.027848706637357,-4.4156393650445285,-12.929821128792112,-12.397376995160641
72,-1.5271139055700012,-5.565575162792554,-5.518876150978807,-5.550802824473543,-12.563601891450894,-13.939904207181419
73,0.46035319698098687,-2.9854654552536557,-5.367135265995181,-5.242451501993717,-12.84429610454956,-13.599298402470023
74,-1.5271139055700012,-5.820964037747135,-5.619446576607737,-3.8189822498633736,-12.003189575989563,-12.792715599606408
75,0.0,0.0,0.0,0.0,0.0,0.0
76,4.285260957337403,2.913979507933144,1.621327975514796,4.348906999999999,-6.086027808266092,-6.086327734128007
77,7.3388085937500005,13.667814948792039,17.0,10.403251022255706,-5.0,5.063543701171735
78,4.34889694720996,-3.608326979882813,-3.517705453125,-3.5894187050292974,-10.210470249583288,-12.40539221484375
79,9.68013079966698,-2.30181640625,-2.57668828125,-1.76,-11.0465625,-11.077519531250001
80,0.0,0.0,0.0,0.0,0.0,0.0
81,-5.791024970654409,-6.588637101224027,-6.635346174152835,-4.996845496048099,-14.360881329812324,-13.464522256841366
82,-2.374402515013001,-5.636820977746879,-5.93242802361776,-4.748474243914142,-12.449508821114907,-11.258629736328125
83,-4.440939433449554,-5.643421656880374,-5.633404111732957,-5.566141385607329,-13.50492720864619,-13.794166126197215
84,-0.585788910679865,0.46028147743822106,0.46028201539947683,-0.5960785466890105,1.6226146699999986,-8.540802924254042
85,0.0,0.0,0.0,0.0,0.0,0.0
86,-0.5857146450181515,0.4603508409417532,0.4591309854826839,-0.5857431968438707,1.6226146699999986,-8.539784258311673
87,2.914004874536899,4.348650236121383,4.348594519788172,2.9111368246085156,5.94323,-4.651093652402707
88,-2.3744025150695487,-5.704516814307041,-4.430360769494785,-5.6203272359769585,-12.923756938598363,-14.026788640345377
89,-6.932832963348532,-7.055825970713753,-6.188504543768763,-4.996845561121621,-14.057913445185736,-13.993050863245157
90,0.0,0.0,0.0,0.0,0.0,0.0
91,-4.440939433668867,-6.121922622032537,-6.142855988544877,-6.105164679836967,-13.435422676835815,-14.511588186940857
92,-2.374402675351075,-5.367686571180538,-4.339132726543523,-5.524331190101921,-12.404341452774256,-12.781660444698911
93,-0.5856821350063683,-5.344348539594724,-5.466511618429358,-5.3271652683601545,-12.918727230871582,-11.816262353515626
94,-4.061609598041216,-3.8373472980753407,-4.470602383482247,-2.3744029087031175,-12.656648675906524,-12.963663898505734
95,0.0,0.0,0.0,0.0,0.0,0.0
96,2.910128555227179,1.6220332545167584,1.6217772858836947,2.9140162999999983,-7.377704304710725,0.45924959573315505
97,14.299999999947657,17.0,16.99999999999976,14.299999999997368,7.999999999999954,20.0
98,2.9140162999999983,1.6177636654681096,1.6224431914207584,2.909295718137156,-7.377428617711821,0.4592561124476081
99,7.714700000000001,5.943184505377435,5.942997665486063,7.6814340161112025,-3.0567868793710513,4.348814368822337
100,0.0,0.0,0.0,0.0,0.0,0.0
101,-1.5280784745295382,0.4603532029999988,-3.1410126899329036,-0.5857177163144214,-9.585862157945016,-9.585695732997028
102,2.913985322207364,5.94323,2.9133472863161085,4.345483288440173,-4.659286627962475,-4.683076980767757
103,-0.5856870691228188,1.6226146699999986,-0.5857277310934851,0.4601234445439602,-8.53972971322013,-8.5432120168714
104,-4.440939433444479,-5.6469980038230805,-5.354200378460536,-6.185498197473925,-14.224793093248234,-13.944995973992619
105,0.0,0.0,0.0,0.0,0.0,0.0
106,-4.440939433444479,-6.695073482353887,-6.429283929506112,-6.511866621819869,-13.972096953743085,-13.551944504488004
107,-2.374402515013001,-5.314150678476171,-3.200591212456863,-5.294957276020465,-12.423973329052735,-13.641151071876545
108,2.9140162999999983,-0.8342245452926683,0.2718990666960861,0.07450459833155365,-7.6945616261419625,-7.685362090457154
109,-1.5271139055700012,-4.451556210199738,-5.996738431901544,-4.102434866700865,-12.12811463988413,-11.866270404249349
110,0.0,0.0,0.0,0.0,0.0,0.0
111,-0.5856821173000011,-2.508936608097942,-2.4258538552126065,-1.7329172014768566,-13.21862522202937,-10.805964462977979
112,-5.96823556401047,-5.141033918098225,-3.1369622697214132,-5.8997145971562635,-14.374686683998894,-14.826557101011202
113,-1.5271139055702547,-4.5408816831696655,-3.5992781326512984,-4.032192939346352,-12.020835379687501,-12.63427986973761
114,-3.136962263511701,-5.219691786849684,-4.607668314390946,-6.09691932839228,-14.51935218399155,-13.749518195877021
115,0.0,0.0,0.0,0.0,0.0,0.0
116,11.870000000000001,17.0,11.870000000000001,14.299999999999983,5.299999999999986,5.299999999996226
117,4.348906999999677,-3.7357806585253908,0.3399673482421872,0.9146599955553013,-7.487444776462092,-11.5799671875
118,11.870000000000001,7.714690142090433,7.714698384202013,9.682867042377225,0.6829907920454628,0.6829811896383289
119,2.75948212378502,-1.0056288239153974,5.94323,0.17268483600089057,-8.333157193359432,-5.9398695546893325
120,0.0,0.0,0.0,0.0,0.0,0.0
121,-2.3744025150131653,-1.7591514353870175,-4.256686651406855,-2.6728981045279023,-11.848916678668754,-12.499138823982655
122,-4.00204461250164,4.348906999999997,-0.5050532099847673,0.20244686989212024,-7.801829026577833,-8.94304443166868
123,-1.5274164408666406,0.44822479909759405,-0.5926322382895963,0.4603532029999988,-9.585757203272316,-9.586035046736686
124,-3.823266037160531,-6.267970765135853,-5.384232690314434,-5.643506860695108,-13.174854068294064,-13.61033003355199
125,0.0,0.0,0.0,0.0,0.0,0.0
126,-3.823266037160531,-6.235248985150811,-4.933973757750371,-5.476428217275956,-14.03129082107596,-13.501051679796781
127,-1.5271139055700012,-3.4048534494554388,-3.6610325080659663,-5.011048830610903,-12.469727852037249,-11.472444046280664
128,-4.8664876795043295,-2.8234713987655073,-0.20656237318660692,1.6226146699999986,-11.106514426825424,-13.176464402396608
129,-2.374402515013001,-4.907509882663282,-4.553482419880018,-5.865835312978891,-12.413419203283782,-13.449400313605308
130,0.0,0.0,0.0,0.0,0.0,0.0
131,-4.6739327783236275,-4.102594727420182,-3.5297010683642975,-1.5271139055700629,-12.249658866399136,-12.086939465148927
132,-2.374402515013001,-4.327477189935186,-3.4702916211257575,-3.933894143729388,-12.289167985043402,-12.909269773176515
133,-0.5856821173000011,-5.510159322335986,-3.556785598344902,-3.1664699535627334,-11.977643175393103,-13.653417846572163
134,-2.374402515013001,-6.32534078180755,-4.649014746895729,-4.900259052180939,-12.2357962632735,-13.224024394247483
135,0.0,0.0,0.0,0.0,0.0,0.0
136,4.280593750000001,12.4187499838629,5.447499983921833,14.3,-5.691584320068359,1.8862494854986245
137,5.94323,2.9140132441937165,4.348845001748636,2.913851577144573,-4.651104693669366,-4.651100637179219
138,9.683,1.2476159202448351,2.9779750000000003,6.8203742179365525,-4.3921829750061026,-9.5121875
139,7.714700000000001,4.348906415699977,5.943157042263071,4.348692927535099,-3.0569741319814203,-3.056905596619184
140,0.0,0.0,0.0,0.0,0.0,0.0
141,-3.136962263511701,-6.411112397019666,-5.28678938384985,-4.944385190031524,-14.547663955525202,-13.615500783718662
142,0.4603532029999988,-3.42265684827668,-3.55086052653532,-1.784856850081965,-10.283892301322037,-11.928608354444808
143,-2.374402515013001,-3.99700683952309,-4.18105587410131,-5.018837112131369,-12.315267882412067,-14.216906232198909
144,-3.167472954374067,-1.5343409914278248,-1.5271139055700012,-2.374740059549317,-11.376266348488876,-11.469873956546309
145,0.0,0.0,0.0,0.0,0.0,0.0
146,-3.205841440554961,-1.5277122247159316,-1.5271139055700012,-2.37745852862227,-11.375320572962508,-11.376050379983031
147,-0.5991483489453164,-0.5873262081235141,1.6226146699999986,0.4603194806324742,-8.546887828002045,-8.540142662846055
148,0.4603532029999988,-5.350366122784211,-5.202338411613627,-2.9271079421675337,-10.393662884821879,-11.704769506835937
149,-3.136962263511701,-4.704065269684852,-4.9322796344432565,-4.14632840677545,-12.908979337156808,-13.336325898404258
150,0.0,0.0,0.0,0.0,0.0,0.0
151,-2.374402515013001,-4.688218950101756,-4.4991895487449405,-4.711795878853067,-13.161449381835938,-11.543387517161413
152,-5.550235800260346,-5.589286459458451,-1.527113905970691,-5.565762493988634,-13.821770892282824,-11.983625250016683
153,-2.265492627776002,-3.2463814157415083,0.4603532029999988,-1.7153991394067536,-9.824604937302393,-11.780958255535383
154,-1.5271139055737835,-4.530106714662563,-2.575041757808587,-4.545890487296559,-14.356950622027277,-11.743190428018472
155,0.0,0.0,0.0,0.0,0.0,0.0
156,7.714700000000001,4.348876965432067,4.347998235696259,5.942862639119552,-3.0568186681845386,-3.0568952224568817
157,5.3792085937500005,11.870000000000001,-1.275,6.865238119267559,-5.0552187500000425,-0.33987522239700274
158,7.714699999997872,-2.8540682830078126,-2.882620195275879,-2.842526328125,-11.652515234374999,-5.837308604528555
159,9.682999979644869,-2.059453125,3.7987070312500006,2.9703623513764352,-7.725,-3.219488047632721
160,0.0,0.0,0.0,0.0,0.0,0.0
161,-3.823266037160531,-6.300382790325575,-6.255562365500631,-4.42406076474692,-14.750009907047204,-13.395152896837631
162,-0.5856821173011297,-4.760298257005953,-5.662540687336451,-5.610344289686983,-13.171208519612534,-11.26739936927257
163,-3.136962263511752,-5.247457258926394,-4.825338611127499,-3.651183838655651,-12.885510137131803,-12.846051230545843
164,-2.3854177910637837,-0.5881251893655766,-0.5856821173000011,-2.3797098558617105,-10.536793898933935,-10.618252165352413
165,0.0,0.0,0.0,0.0,0.0,0.0
166,-2.3776588482987524,-0.5856821173000011,-0.6209103912019985,-2.4192230260628196,-10.534451604146849,-10.528563688076861
167,0.4603101334985885,2.9140162999999983,2.9016760892415663,0.4598757277498951,-7.382902521738282,-7.377595519720517
168,-0.585682117369624,-3.2082950471182845,-5.649630330939116,-5.3509029803090815,-13.256175123949266,-13.409022770782403
169,-5.16947310853377,-5.262262379313447,-5.20813102197953,-3.823266037160531,-14.51675445873818,-14.3392394292445
170,0.0,0.0,0.0,0.0,0.0,0.0
171,-3.136962263511701,-4.778347446314342,-4.774159877713629,-5.648419337031549,-13.988872922984449,-12.569423240161132
172,-0.5856821173000011,-2.552118178920162,-3.078131011577903,-3.110188670132062,-12.070205049771568,-13.696722545296586
173,1.6226146699999986,-1.122370788614337,-1.6713141159182987,-0.7280181898125748,-9.459352042115771,-12.7926158170166
174,-0.5856821173000011,-2.399010429807728,-2.60317639628203,-2.757116994159764,-12.22338308619111,-11.53886450766338
175,0.0,0.0,0.0,0.0,0.0,0.0
176,5.943229999980188,-0.0013116791015630458,-3.583923293127442,3.7421894531250004,-8.412861698895142,-10.761548337760448
177,9.682999999999868,14.29999999999912,14.3,9.682999999999058,2.8699999999999797,2.8699999992917715
178,5.94323,2.834702301347022,2.914013455809549,5.9211761977746855,-4.651203862408307,-4.651103495976896
179,11.870000000000001,-2.28453125,-1.6715625,3.0973312407110285,-9.340625,-10.462499999999999
180,0.0,0.0,0.0,0.0,0.0,0.0
181,-5.387512895896708,-6.405171265209332,-6.44139138456476,-4.440939470380048,-14.071500615710619,-12.340457647741662
182,-1.5271139055700012,-4.3004427357988195,-3.190604716342375,-2.049384708701868,-11.724177357616032,-11.747250988763025
183,-3.823266037160531,-5.388137992955541,-4.906867483270375,-5.229889624113941,-13.444260380900278,-13.60637716995142
184,-1.539065024416443,0.4603532029999988,-0.6022814470520488,-1.5273076499291014,-9.58569963974145,-9.587656814576022
185,0.0,0.0,0.0,0.0,0.0,0.0
186,-1.5838174533425602,0.4603532029999988,-0.7282202379979648,-1.98136632306151,-10.128424948581554,-9.734198044695923
187,0.28651295876220595,4.348906999999999,2.5449568567345944,-0.7963068612890634,-6.176378426749165,-6.437849919978683
188,-1.5271139055700012,-3.7688706906382308,-4.497226928844726,-2.052292975297208,-12.1156639677285,-12.117537478657187
189,-4.440939434456714,-6.1546308592670975,-6.811549876824664,-5.013705137730087,-13.791372548356804,-14.39583712199546
190,0.0,0.0,0.0,0.0,0.0,0.0
191,-3.823266037160531,-5.12356904275529,-5.20150452630855,-4.8446094293502515,-13.477134010324521,-12.654337557959453
192,-4.227464962750717,-5.208290808199958,-3.0936963856592534,-1.5271139055700012,-11.884552476043584,-13.499099683860768
193,0.4603532029999988,-5.037826797256089,-3.372162819423651,-0.9267847339229113,-11.106695588549634,-10.503504502816476
194,-5.580527206503012,-5.766445099782024,-3.951602683720089,-1.5271139092792962,-13.897236478147,-11.984906270360078
195,0.0,0.0,0.0,0.0,0.0,0.0
196,4.348590591469435,-3.3600634655761725,-3.710204627124024,0.5054120254715273,-12.563515717382813,-6.126191744042858
197,11.869999999999854,17.0,14.299999999892316,11.86999999999708,5.299999999999964,5.300000000000001
198,4.0961614326732985,1.6175328524626436,2.912369805593035,4.348906999999999,-6.086198150215513,-6.086227076699439
199,9.683,5.942739169684389,7.7146528012556965,9.681493221264919,-1.2855837316727816,-1.2919484901014306
200,0.0,0.0,0.0,0.0,0.0,0.0
201,-2.3802626757321437,-0.5856821173000011,-2.3751241018230855,-1.556850649736796,-10.527415587467111,-10.527316739500062
202,1.6226079632635384,4.348906999999999,1.6169434490942274,2.912330105222236,-6.103715068783093,-6.086011279933697
203,-2.98269317701254,0.4603532029999988,-4.649026237516205,-1.052280153051628,-11.146124850878905,-9.964792923333356
204,-5.635479596218689,-5.2923898868933,-3.823266037160531,-4.658969013379966,-13.462819225702532,-12.741126514512766
205,0.0,0.0,0.0,0.0,0.0,0.0
206,-5.713110167899011,-5.007188138517291,-3.823266037160531,-4.565407144827551,-13.517959118913268,-13.43206517433082
207,-3.1516347508657274,-3.379811005880817,-1.5271139055700012,-2.4140356013786306,-11.383724977241805,-11.486417575448463
208,4.348906999999999,1.6225217440292194,1.622431713706537,2.913988427273483,-6.098861315040375,-6.0859856394571175
209,-0.5856821173000011,-2.3754659268724048,-2.3744038135118557,-1.5271743834557074,-10.538270352264728,-10.527598251918839
210,0.0,0.0,0.0,0.0,0.0,0.0
211,0.4603532029999988,-1.528615246629966,-1.5271192202236126,-0.6247896732103753,-9.58571750891927,-9.590210866533027
212,-4.847606034303817,-4.8170311547245825,-2.374402515013001,-5.830390938362826,-12.538312193951676,-12.36678377343041
213,-2.4127240645841033,-2.7838669250373465,-0.5856821173000011,-2.513075322798184,-10.747325641095077,-11.116434440028254
214,-3.9633968911625908,-4.098141201020231,-2.374402515013001,-3.8395914309260957,-12.374224313197075,-12.32471007204649
215,0.0,0.0,0.0,0.0,0.0,0.0
216,9.683,14.3,9.683,11.869999999999811,2.869999999996904,2.8699999999992234
217,2.9138258458547703,2.913492232225517,5.94323,4.347028561157799,-4.651461164630497,-4.6510936659530415
218,14.3,9.683,9.683,11.869999999962916,2.8699999999998234,2.869999999993614
219,4.347998890749302,4.348906375687017,7.714700000000001,5.943225661703098,-3.0600795071411127,-3.057612745962813
220,0.0,0.0,0.0,0.0,0.0,0.0
221,-3.136985145520755,-3.204512491951377,-3.1467400804693675,-1.5271139055700012,-11.379292878539793,-11.375069211662527
222,0.45456937578113776,2.910457981945482,-0.17997920334379341,2.9140162999999983,-7.413953038447091,-7.381534213404094
223,-2.374583776210768,-0.5856821173000011,-2.4103054052324238,-0.6007130944654597,-10.527622160306333,-10.532089385514613
224,-4.488948236189831,-4.487865528696531,-3.136962263511701,-4.454638001531814,-12.902252070434123,-12.898809129973447
225,0.0,0.0,0.0,0.0,0.0,0.0
226,-4.453641812552144,-4.454288068399384,-3.136962263511701,-4.441772331011508,-12.823997838880032,-12.851318574196494
227,-2.4163458612382205,-2.3754844231352097,-0.5856821173000011,-2.530039877846159,-10.52797679454099,-10.716403445614723
228,0.4601892073651985,0.4498467667576683,0.46019860156903025,2.9140162999999983,-7.380025225434144,-7.4240412204912705
229,-3.137333149578243,-3.147186382409153,-3.1369635346664753,-1.5271139055700012,-11.427997875192695,-11.375816040993907
230,0.0,0.0,0.0,0.0,0.0,0.0
231,-2.3756729083724544,-2.3968045819698354,-2.374714479437905,-0.5856821173000011,-10.536853355124785,-10.527231851878918
232,-3.2281092960715756,-3.2167163125484013,-1.5271139055700012,-4.322920272816026,-11.883701445213227,-11.397888598423659
233,-1.5584953794671677,-1.608088386200525,0.4603532029999988,-1.5306696468398608,-9.587151010744467,-9.838574808069723
234,-3.147658597699724,-3.228335914928749,-1.5271139055700012,-3.1397875552668157,-11.444744860499377,-11.468924360536125
235,0.0,0.0,0.0,0.0,0.0,0.0
236,7.714699998226564,11.86999996734936,7.714699999822516,11.870000000000001,0.6829999845634789,0.6829999884774185
237,4.348906996426948,4.348906998445949,7.714700000000001,4.348906985972915,-3.0567700550722137,-3.056770000607842
238,7.714699962833137,7.714699996763295,7.7146999999282375,11.870000000000001,0.6829999978534977,0.6829999993020053
239,5.94322989410165,5.9432299991563315,9.683,5.943229999997721,-1.285300004373943,-1.2853000000726007
240,0.0,0.0,0.0,0.0,0.0,0.0
241,-3.8235258714477753,-3.8252543287116634,-3.8311506693763357,-2.374402515013001,-12.173173937392527,-12.141936205033272
242,-0.5878138066661984,-0.5906498441054163,-0.5857533434600715,1.6226146699999986,-8.542714700293253,-8.589397114699537
243,-3.14016024235087,-3.138547148072532,-3.151343992623363,-1.5271139055700012,-11.549984584931106,-11.376455055899232
244,-3.8292707769947127,-2.374402515013001,-2.380428604024538,-3.8250470739314695,-12.117502428340622,-12.139577124467047
245,0.0,0.0,0.0,0.0,0.0,0.0
246,-3.8273979890507763,-2.374402515013001,-2.3783799140896624,-3.8235072169176227,-12.155701129549545,-12.192034530449314
247,-1.5541283895664433,0.4603532029999988,0.38353807237246795,-1.5331615885379124,-9.586482890332515,-9.610148745227285
248,-1.1396472701463456,-0.7237210123010227,-0.6190168133153455,1.6226146699999986,-8.569767978190573,-8.622232365318741
249,-3.8580170457950134,-3.8279640199435954,-3.8282568481598656,-2.374402515013001,-12.144922602222476,-12.167988619283703
250,0.0,0.0,0.0,0.0,0.0,0.0
251,-3.2293839839015304,-3.1537827840676553,-3.287611555757765,-1.5271139055700012,-11.381236461234174,-11.390203695269985
252,-2.3751386047635097,-2.474027665840934,-0.5856821173000011,-2.37513809785154,-10.958108779314024,-10.645311651919446
253,-0.6106531189424826,-0.5959269505559339,1.6226146699999986,-0.6029496133832698,-8.617280465043798,-8.540966304893775
254,-2.377544926578532,-2.3892539415865586,-0.5856821173000011,-2.37763257790912,-10.52787733686048,-10.534808635090709
255,0.0,0.0,0.0,0.0,0.0,0.0
256,5.943229054992688,5.9432299706462235,5.943229999998078,9.683,-1.2853000002973718,-1.2853000000016606
257,2.9140162271525973,9.682999973926073,9.683,5.943228554514118,-1.2853000000255177,-1.2853000696939942
258,5.943227864822259,5.9432299917375255,5.943229999992447,9.683,-1.2853000124501732,-1.2853000054274952
259,7.714699999359688,7.714699552259082,11.870000000000001,7.714699999954863,0.6829996736904494,0.6829999967422875
260,0.0,0.0,0.0,0.0,0.0,0.0
261,-4.444262919681327,-4.495801428677429,-4.460011273780159,-3.136962263511701,-12.842989205255787,-12.924488539945148
262,-1.5418720025308439,-1.6577937552320576,-1.7637555929769242,0.4603532029999988,-9.779845452575525,-9.58782858884721
263,-3.993822859484019,-3.8257303141429775,-3.832127531743899,-2.374402515013001,-12.151259493089658,-12.14057464750568
264,-3.6923669767554834,-2.448008342698489,-1.5271139055700056,-4.300076694548981,-11.557470802343751,-13.440115193617352
265,0.0,0.0,0.0,0.0,0.0,0.0
266,-3.5157260701663295,-1.5271139055700047,-2.5243946820789116,-3.73921584439158,-13.729891599444066,-13.471890963212894
267,-1.3955143659669358,1.6226146699999986,1.2730564395477761,-1.453999075857618,-8.995585549530144,-8.623499592869088
268,-1.53436115289672,-1.5925615100870472,-1.7713195530687602,0.4603532029999988,-10.083502351829665,-9.944586655927296
269,-4.516064526083186,-4.6924578645623445,-4.92899040661513,-3.136962263511701,-12.837181282910471,-13.413756523243325
270,0.0,0.0,0.0,0.0,0.0,0.0
271,-3.84961072435316,-3.881486571649585,-3.8392095814098663,-2.374402515013001,-12.172536900377324,-12.138373957761091
272,0.4603532029999988,-1.5305088898890813,-1.6131823590240455,-1.5288579040255934,-10.537475750477476,-9.69095182909227
273,2.9140162999999983,0.45784934450707104,0.4523808758337493,0.4578475775608196,-7.380264478896647,-7.379647591240558
274,0.4603532029999988,-1.5867157352214596,-1.5271646556513263,-1.5872770699350336,-9.585826698478261,-9.600214440144338
275,0.0,0.0,0.0,0.0,0.0,0.0
276,4.348698575970586,4.348890314995986,4.348839803024402,7.714700000000001,-3.0567870402367148,-3.0568101955549385
277,7.714699999999366,11.870000000000001,11.869999999999996,7.714699999997282,0.6830000000000016,0.6829999999999875
278,4.348906998961114,4.348906984787703,4.3489067739092055,7.714700000000001,-3.0567700014541117,-3.056770002038893
279,14.3,9.68299999986153,9.682999999999495,9.682999999995577,2.869999999999999,2.8699999999999797
280,0.0,0.0,0.0,0.0,0.0,0.0
281,-6.157062547119058,-5.710573915845363,-5.32452274673473,-3.823266037161341,-12.26850667245362,-11.005296874999999
282,-3.9672621482841244,-2.570990505459208,-2.521337299326005,-0.5856821173000011,-11.24838910843216,-11.077372672049417
283,-5.156695957841427,-4.486376480355497,-3.9687815242272357,-3.136962263511701,-12.941108424662204,-13.298062959261298
284,-2.546847645665536,-0.5856821173000011,-1.741568340173917,-2.3941571625778812,-10.741975344213756,-11.29348148110761
285,0.0,0.0,0.0,0.0,0.0,0.0
286,-3.911333162350009,-0.5856821173000011,-2.4696721488901856,-2.55314518038265,-10.893494033338573,-11.383316330572192
287,-0.6060289944430243,2.9140162999999983,0.27076148423261426,-1.7165558278155117,-9.936485632075197,-7.645076805271936
288,-3.2316713485173603,-2.5756944020452686,-2.5125862462088255,-0.5856821173000011,-10.838510875959871,-11.640781557112637
289,-5.185061529928994,-5.447358720170519,-4.733904493439183,-3.823266037160531,-14.28837816030047,-13.459716756266698
290,0.0,0.0,0.0,0.0,0.0,0.0
291,-6.020187252739332,-5.8951070412786,-3.883175756848063,-3.136962263511701,-13.466636385236026,-13.467667680896689
292,-5.12841532381449,-2.3988265249848206,-2.873778933931648,-0.585682117434746,-13.172307713993359,-12.608948460327149
293,1.6226146699999986,-1.6632964823317073,-0.8553865981855989,-1.4674593122060424,-10.936691644403297,-8.960203847750002
294,-0.5856821173000011,-5.395120674154067,-3.4402131740293447,-2.9206207600773233,-11.273701456768599,-11.188722883943509
295,0.0,0.0,0.0,0.0,0.0,0.0
296,-3.160615693359375,-0.037433039747000185,-2.5152206554470062,5.94323,-11.281160937500001,-6.366052478405398
297,8.907742707834453,14.3,8.48031249973474,4.103062500000001,2.808450587849033,1.2112141033903303
298,-3.5223536794921877,-0.299477422460938,2.551345922445857,5.943229999356131,-12.019761154101563,-5.507674770101879
299,11.869701984919846,7.7146701670689515,9.67721666235732,11.870000000000001,0.6827063060627747,0.6823440369283502
300,0.0,0.0,0.0,0.0,0.0,0.0
301,-5.716545243881048,-1.5271139055700012,-3.2088505898396744,-3.969016929824064,-13.330751861416598,-12.555740681445311
302,-4.289700741444519,2.9140162999999983,0.1076269093509653,-4.39618375085392,-13.224338454831123,-7.60003248900634
303,-3.4157981090453324,-0.5856821173000011,-3.02486775936151,-4.570405519495727,-11.287976404426033,-12.2753248203125
304,-5.769871157443559,-4.440939433444479,-6.401778234582828,-5.375829906445551,-13.86526675219773,-13.47886883988662
305,0.0,0.0,0.0,0.0,0.0,0.0
306,-6.576888585397539,-4.440939433444479,-5.377717171612369,-5.815542610863499,-14.54094541797949,-14.337534343388104
307,-5.317242943602092,-2.374402515013001,-5.295310062317794,-4.216625702544414,-11.857340412322257,-12.928037475927734
308,5.94323,2.9139091637750045,4.348869649197331,4.348408329972084,-4.651528185715721,-4.651094326456592
309,0.4603532029999988,-1.5566692197779757,-0.5856987024758507,-0.5857497897220274,-9.585757438182362,-9.646935863153516
310,0.0,0.0,0.0,0.0,0.0,0.0
311,1.6226146699999986,-0.5856948164543188,0.46021842363502924,0.46034011656949103,-8.53968408515199,-8.539696079587728
312,-5.976800656234255,-3.136962263511701,-4.908473133337958,-4.38241883898036,-13.334919392203012,-14.657452393630017
313,-4.557533938240128,-1.5271139055700012,-5.897885265286025,-3.980374802452672,-11.778448214618795,-12.100077817168604
314,-6.024496677128733,-3.136962263511701,-4.358371029767907,-4.960368902012489,-13.100977815423027,-13.530772728092957
315,0.0,0.0,0.0,0.0,0.0,0.0
316,7.714684617074996,11.870000000000001,9.682879260859075,9.682973502390748,0.68299489516695,0.6823344285465984
317,1.6218976765084363,4.348906999999999,2.9132026116174687,2.9140154927718767,-6.085985183042841,-6.085995875748037
318,17.0,11.870000000000001,14.299999999999983,14.299999999999994,5.29999999999996,5.29999999999996
319,2.913648708427252,5.94323,4.348905224437672,4.34890169411994,-4.7452796929355845,-4.651198395107125
320,0.0,0.0,0.0,0.0,0.0,0.0
321,-4.990816768380164,-2.374402515013001,-4.085198618192881,-5.983668832939083,-12.594575690668979,-12.155390054253512
322,-1.6200074277345498,1.6226146699999986,-2.6325670969328474,0.13489944741188897,-10.908786583036953,-9.828500868980843
323,-3.258058812176319,-1.5271139055700012,-3.6019756616152043,-2.6923372638960776,-11.637031830611829,-12.21476418112358
324,-5.963685050140288,-3.823266037168461,-4.874592162243953,-5.948339971854487,-11.889490932617187,-13.746403342499537
325,0.0,0.0,0.0,0.0,0.0,0.0
326,-5.7057640502410845,-5.0704548922496215,-3.823266037160531,-6.294676386886255,-13.701686061010971,-13.506657036656264
327,-3.6302418549841935,-1.5271139055700012,-4.889728946034136,-5.04733100479508,-11.730523671886383,-11.78208384502226
328,-1.8265913420735622,1.6226146699999986,-1.715426664425419,-0.9860772564951154,-11.12689295187462,-13.812085124812645
329,-4.127185221109358,-2.374402515013001,-4.943891122337968,-3.5085925311723534,-13.058972096831205,-12.316353729333155
330,0.0,0.0,0.0,0.0,0.0,0.0
331,-3.2859775792819157,-1.5271139055700012,-3.4092644273957053,-5.2292035492246125,-11.508480687441828,-11.837985484939468
332,-5.817885252158978,-2.3744025152226595,-5.709995403446248,-4.42407589376872,-12.88227841530287,-12.030926718749999
333,-3.9099715246174296,-0.5856821173000011,-1.1653457157625093,-5.273129004721782,-13.38054396819097,-12.21832706717755
334,-4.829559550181492,-2.374402515013001,-2.79557239127129,-4.455728346480711,-13.899887731594863,-13.157539039523131
335,0.0,0.0,0.0,0.0,0.0,0.0
336,-1.5996875,9.682999999962902,-1.9111874999999998,3.035631249732884,-11.2262984375,-5.420540625066778
337,-0.994775169252166,5.94323,0.4375218943949326,-2.5251328125,-5.216780727807371,-5.67581979988257
338,-0.4941831392814313,9.682999999309537,0.7509349449491691,2.663401121479792,-7.8375,-4.748904401304851
339,-2.2163906250000003,2.89705703125,7.71469999614148,2.065514137995867,-10.066875,-10.758973049316406
340,0.0,0.0,0.0,0.0,0.0,0.0
341,-4.878291658341665,-3.136962263511701,-4.390492752914337,-3.4841702597100515,-13.12798786453482,-13.378485554522669
342,-3.6326291575534064,0.4603532029999988,-5.17341736818133,-4.967198858043288,-12.777038770980836,-10.784659978904019
343,-4.0792322907914,-2.374402515013001,-3.5949871250702867,-2.532128291570808,-13.852177520925931,-12.961900066128496
344,-4.778057644413407,-3.136962263511701,-4.8376634478016705,-4.629878717593208,-12.864669685082848,-14.32518750595643
345,0.0,0.0,0.0,0.0,0.0,0.0
346,-4.908077553448028,-3.136962263511701,-3.8935335204703643,-4.674862494960228,-12.949165197565122,-12.898208584871984
347,-4.90103630212023,-0.5856821173000011,-2.314420889228997,-3.7423388583050614,-12.490587669921876,-10.58959826522788
348,-2.497404466471923,0.4603532029999988,-2.8028287496849837,-0.9139768327893475,-11.373343789062499,-11.28878973611338
349,-6.296002107930592,-3.136962263525688,-6.039643274868849,-3.504756420202205,-13.811240997980022,-13.120716162021662
350,0.0,0.0,0.0,0.0,0.0,0.0
351,-5.246292855539828,-2.374402515014654,-4.200617029815285,-5.281475839078965,-12.239756589107346,-13.480466111237577
352,-3.293454742665973,-1.5271139055700012,-2.577935127956298,-3.4402637130461233,-12.766831502593579,-11.459442320414187
353,-5.431531801641432,0.4603532029999988,-1.82875499259486,-3.2721353292026,-14.045693261680032,-12.979782555484771
354,-5.941700518852957,-1.5271139055700012,-4.099021206617713,-4.474660718311119,-11.473243883349362,-13.79238794630175
355,0.0,0.0,0.0,0.0,0.0,0.0
356,-2.5360531249999996,7.714699952528183,4.8463393080500055,-1.8392975585937499,-11.02296875,-8.361655741983968
357,-2.94007828125,2.6636683593750003,-2.5622718750000004,4.348906997779318,-7.274900209355976,-8.5328512409889
358,-2.8536406640625,7.714699851431235,-2.262190625,2.6836897642084128,-9.026483000726662,-11.746475
359,-1.2551547800573146,9.683,4.421966815329293,2.0280303420023436,-5.625462500933932,-5.8098374999999995
360,0.0,0.0,0.0,0.0,0.0,0.0
361,-5.677125467273338,-3.823266037160531,-5.090604089893776,-4.938209701168249,-13.549131910561218,-13.42433737688257
362,-3.9731165252572707,-0.5856821173000011,-4.790591991156865,-5.396407383689217,-12.453831033874351,-11.116498701435496
363,-4.649394457332795,-3.136962263511701,-4.454780101997661,-4.582378995362429,-12.837000110303322,-12.965196484539558
364,-4.282685030125461,-5.4715590239053,-2.374402515013001,-3.4336074512393955,-12.32719179035528,-13.310554903038856
365,0.0,0.0,0.0,0.0,0.0,0.0
366,-4.855278677238962,-5.770052622082925,-2.374402515013001,-5.844232747164668,-12.301845418464149,-12.542446048546132
367,-3.2435593921574064,0.4603532029999988,-1.7506715375727282,-3.940572061669922,-10.305793812462754,-10.993862392146095
368,-2.7933103318280614,-0.5856821173000011,-2.7942567513306136,-5.598733313482343,-10.691407686449452,-10.660091522073532
369,-6.697276840646409,-3.823266037160531,-5.864879437075718,-5.564421627067134,-13.275892655348432,-14.15976507552675
370,0.0,0.0,0.0,0.0,0.0,0.0
371,-4.523929878367504,-3.136962263511701,-5.097544851461462,-3.838781062137418,-12.81262190130873,-12.791673942723108
372,1.6226146699999986,-0.5856840544833978,-0.5857996973015586,0.4603433142475981,-8.539798228100821,-8.539664852222295
373,4.348906999999999,1.5781741094390849,1.6217514442458645,2.9135890018955646,-6.089994885614824,-6.087496148103546
374,1.6226146699999986,-0.5858234156378727,-0.5857579217400793,0.45506659620050954,-8.539942909450566,-8.541741967764803
375,0.0,0.0,0.0,0.0,0.0,0.0
376,2.9125916341934195,5.94323,2.913831854001098,4.341860574281215,-4.6512058556186116,-4.652775579500913
377,5.942706896016148,9.683,9.6806595597543,7.674194503021241,-1.285334845071584,-1.285571854782104
378,2.913881307961515,5.94323,2.9137424792743696,4.348906059523699,-4.65462786244297,-4.651194656583261
379,17.0,11.870000000000001,11.870000000000001,14.3,5.299999999999945,5.300000000000001
380,0.0,0.0,0.0,0.0,0.0,0.0
381,-6.455865829402219,-5.407681383271696,-5.776244531836294,-4.440939433445392,-15.075629752015422,-14.01574750796576
382,-5.5745844048846145,-5.651170131764497,-3.9873417459253906,-1.5271139060503713,-14.292535967153682,-13.074519448924445
383,-5.628792841325343,-4.273322751981992,-4.926173878802637,-3.82326603716206,-13.747328817603023,-12.848395581099505
384,-3.527294731825871,-1.5271139055700012,-3.1391119016999665,-3.413246826854135,-11.579299669016384,-12.015312072682246
385,0.0,0.0,0.0,0.0,0.0,0.0
386,-5.8187734979591195,-1.5271139055700012,-3.2048297357510505,-3.7574623480979046,-11.369918028841063,-13.652109284775172
387,-1.4479702394010383,1.6226146699999986,-1.8278155733420687,-1.4064200368763689,-9.215264067348489,-9.26531640923372
388,-5.763937158177912,-1.5271139056288798,-3.2412454159749844,-5.742833402293652,-13.61905143425055,-14.383509380649404
389,-5.797845244252439,-4.440939433444479,-5.055011046962133,-5.00221992100151,-13.89821248128089,-14.121263844435315
390,0.0,0.0,0.0,0.0,0.0,0.0
391,-6.062883086526503,-4.868092793080786,-5.234143237006155,-3.8232660376147756,-14.221910174055914,-13.184606743929653
392,-4.912157362524209,-3.339978045877145,-2.7632081690934682,0.4603532029999965,-11.33211651735661,-13.068024733257182
393,2.9140162999999983,-0.127723293059177,1.5259835676264344,-0.6743897261478657,-9.230508379046627,-9.482990826020014
394,0.4603532029999988,-2.1619716011737067,-1.6732874321817985,-4.833451958609779,-11.770121092503675,-13.61591377797277
395,0.0,0.0,0.0,0.0,0.0,0.0
396,-0.6633639618478511,4.348906999960873,-3.1440036328125003,0.5647828355171338,-12.096459067382813,-11.451351562500001
397,-2.6426513671875003,11.869999999804865,6.696518009125667,2.7741156250000003,-4.600692528321352,-10.985484375
398,-3.6076259035579934,-3.691338223388672,-3.8185106107910154,4.348906959537793,-11.3422289296875,-7.442383022269908
399,10.07210079431534,4.28740144431591,-0.5206249999999999,14.3,-2.2443988037109373,-7.5
400,0.0,0.0,0.0,0.0,0.0,0.0
401,-4.470280479739076,-2.374402645728729,-5.879135419266309,-5.885471453716194,-13.421847903224531,-12.960643675202448
402,-4.585440681625849,1.622614283516073,-0.8911393595059581,-4.5913700803176205,-11.198861328125,-13.192266872456482
403,-4.839580807743751,-1.5271139073006668,-4.985577042726552,-5.003302807375057,-12.397324227802734,-11.881677374452629
404,-6.7421083902974,-4.996845490100852,-6.797982119688558,-6.696578859932226,-12.182483511523436,-14.721217475833182
405,0.0,0.0,0.0,0.0,0.0,0.0
406,-6.734028691551311,-4.996845491779311,-6.764055684917498,-6.823998137456678,-13.904941561878523,-13.039691001508713
407,-4.712563945678754,-3.1369622638727015,-4.785755179610597,-5.631751400498521,-13.296117779653004,-12.984199049943442
408,5.9429432432917615,4.347913580883622,5.943227804233409,5.940962513043882,7.714700000000001,-3.065409155406951
409,0.4591422597464393,-0.5861523910700871,0.4603436806307478,0.45905500017451933,1.6226146699999986,-8.540916182499
410,0.0,0.0,0.0,0.0,0.0,0.0
411,1.6225962372042328,0.4602516361757495,1.6226048605246612,1.6196148643613621,2.9140162999999983,-7.377909856435079
412,-6.230354562373793,-3.823266041953501,-6.181879644048694,-6.063956694002563,-13.96475714326678,-14.676147097452438
413,-6.201163355464793,-2.3744026610161457,-6.102184822129518,-3.895692246138695,-11.870663580078126,-12.521307315986261
414,-5.3900787880348595,-3.8232660374425413,-5.405206371605988,-6.319072137317853,-14.123142366604288,-13.580482478977501
415,0.0,0.0,0.0,0.0,0.0,0.0
416,7.714395676434396,9.683,7.714260333231698,7.7146579986377,-1.2853379234857327,5.942120165440883
417,1.5988516709040013,2.9140162999999983,1.6222644968324522,1.6226119126847958,-7.37739493740518,0.459774716997571
418,17.0,14.299999999999887,16.999999999999993,16.99999999999931,8.0,20.0
419,2.913880040657334,4.348906999999999,2.913993468035315,2.9140162092891053,-6.085987480143846,1.6178906525762926
420,0.0,0.0,0.0,0.0,0.0,0.0
421,-5.031612153534747,-3.136962265765484,-6.2699330928728685,-4.439112861004787,-13.535149566278744,-13.437847410140243
422,-5.066785412852179,0.4603531730767046,-2.4390106648700307,-2.7428575418995105,-13.803665925808,-11.564045025318169
423,-5.320019065863376,-2.3744025151924806,-5.157006054004443,-5.237754633034588,-13.355821260564712,-12.061937563769533
424,-5.1394297249244225,-5.269200876110909,-4.44093943456104,-6.05776218360837,-13.730551733837716,-14.042042700504428
425,0.0,0.0,0.0,0.0,0.0,0.0
426,-6.335940247887438,-4.440939434938178,-6.342315182410534,-6.4558395990723145,-13.94837031215196,-14.055004151146498
427,-5.0993698600238115,-2.3744025152621004,-3.83125701967178,-5.282538513892721,-13.932994579097638,-12.628665463757548
428,-1.7641899473856821,0.46035320230793286,-3.419554012026665,-5.426620430507079,-13.085951176625795,-11.499319691927209
429,-5.117944919344378,-3.136962263511701,-4.930532609434435,-5.078456266516277,-13.645761525422175,-12.965484450376625
430,0.0,0.0,0.0,0.0,0.0,0.0
431,-4.323391664904189,-2.374402515013001,-4.626629382051283,-3.740896998053113,-12.400205033240326,-12.785788680399357
432,-5.982472562673877,-6.006160767079452,-3.1369623165523657,-6.033107635108647,-12.695672119033203,-13.947915225846025
433,-4.057295165464081,-1.5271139056497882,-2.54391246508485,-3.21493967105771,-12.184752732062414,-13.317799855698436
434,-6.0453382234970245,-3.136962264229317,-4.596151579602111,-6.044883618797293,-13.476205714493043,-13.817244311343782
435,0.0,0.0,0.0,0.0,0.0,0.0
436,-2.06928125,2.840144907908442,-2.2554828125,-2.1708125,-10.72109375,-11.215484374999999
437,-2.7957312500000002,3.2834909421503706,-2.68846953125,-2.842526328125,-9.982499999999998,-10.265625
438,-2.6104992187500002,5.0361799687073034,-2.53847578125,-2.6490810937500004,-11.01509375,-10.64009375
439,-2.2533046875,1.9955504585058876,-2.2621484374999996,-2.016421875,-9.087499999999999,-10.8625625
440,0.0,0.0,0.0,0.0,0.0,0.0
441,-6.43929940693238,-3.8232660426521257,-6.242628372798885,-6.347197314757792,-13.710462938060733,-14.461123712114112
442,-4.007748531080054,-0.5856821173973394,-5.268108404020259,-5.251964273540497,-12.05610611756699,-13.493335060407716
443,-4.421932911494366,-3.136962263512463,-4.448601147413114,-4.991473263744723,-13.664441467167023,-13.768989332115883
444,-5.221953178280443,-3.823266037160531,-6.004596280412576,-5.247586745516038,-13.554709783506159,-13.78240787296854
445,0.0,0.0,0.0,0.0,0.0,0.0
446,-6.342086733517171,-3.823266037731485,-6.292490878937298,-6.309589641116451,-13.718240325315836,-14.108578628531582
447,-5.218512330026074,-1.5271139062223242,-3.07451936643726,-4.072986640723846,-13.650313181788055,-12.875946809089347
448,-3.430708695756338,-0.585682117300656,-3.423183334347952,-5.434956148018264,-13.254452715202357,-12.06513702213655
449,-6.463458680848552,-6.3078410018036095,-6.397008808222159,-3.8232660371638887,-13.407106217267078,-14.23356884064848
450,0.0,0.0,0.0,0.0,0.0,0.0
451,-5.502948859142483,-5.563732348601574,-5.594484586294669,-3.1369622699313915,-14.148057192002566,-12.974929015122886
452,-5.7186617285691765,-2.374402515013001,-3.788832687055062,-5.881823244441966,-14.197614056283228,-13.19108855709635
453,-2.5137466385574405,-0.585682119733836,-3.5420882625685666,-5.518626683917198,-13.677541211319717,-14.576011686852933
454,-6.104125453495053,-2.374402515239689,-4.669891638137951,-4.332653753354205,-12.432763322686277,-13.43021011033854
455,0.0,0.0,0.0,0.0,0.0,0.0
456,-2.564459375,-2.40826484375,-2.4868265625,-2.4817324999999997,-9.535250000000001,-9.0875
457,-2.9416603125,-2.7737374296875004,-2.95908984375,-1.8277374225932541,-10.633875,-11.6680671875
458,-2.6490810937500004,1.5981093129655735,-2.8352922265625002,-2.66037640625,-11.262562499999998,-8.235328124999999
459,-2.5748398437499995,3.2939030215226115,-1.3102000925573147,-2.2652421875,-5.0,-10.7196875
460,0.0,0.0,0.0,0.0,0.0,0.0
461,-6.569851031351648,-4.440939433444479,-6.560079420144756,-5.869710702205781,-12.995342184881594,-13.831767495971334
462,-2.7800544944704972,-1.5271139055700012,-5.513140789642737,-3.1743405114324994,-11.640128060461102,-11.528198081651901
463,-4.661770962651056,-3.823266037160531,-5.117331729137432,-4.92640686529583,-12.936913120723252,-12.989562175654541
464,-4.7747333540646375,-3.136962275808775,-4.496331058433334,-4.7808822818386005,-13.185476205855867,-13.255293244733567
465,0.0,0.0,0.0,0.0,0.0,0.0
466,-6.158182207692235,-3.1369622679626885,-6.0351592694532314,-6.118550653774937,-13.187777731703155,-13.319686291031662
467,-3.250740460310274,-0.5856821173566669,-1.4792269714456807,-4.149417188035889,-11.895584667968752,-12.586844718505859
468,-3.8887259292734138,-1.5271139055700012,-4.752196510193141,-5.933979174611073,-13.63965631621805,-11.979297813346413
469,-6.842560886832796,-4.440939797834229,-6.226942219915662,-6.830772898410006,-13.811765694634298,-12.293391831996097
470,0.0,0.0,0.0,0.0,0.0,0.0
471,-4.812789533978014,-3.823266037160531,-5.63540648638485,-5.918759831918322,-13.088701972107302,-13.588294599260283
472,1.6226130866209079,0.45519097675909226,0.4565585156620489,1.6197546870984132,2.9140162999999983,-7.378243310842356
473,4.348476725638218,2.9138174929540988,2.9139631182391454,4.31782722735621,5.94323,-4.651313976205309
474,1.6225218283746874,0.46017996059150434,0.46004581882942364,1.5749165705931534,2.9140162999999983,-7.389983725370259
475,0.0,0.0,0.0,0.0,0.0,0.0
476,2.913223096693252,4.348906999999999,1.6225334918264005,2.9109004186020897,-6.086666597065507,1.6223680192345422
477,5.943102709167482,7.714700000000001,7.714139750447821,5.941650051509908,-3.056790004310758,4.348887928632376
478,2.9137735114958616,4.348906999999999,1.5743740206424364,2.913565436292896,-6.086791996761528,1.6225592367761692
479,16.999999999930182,14.3,14.299999999999866,17.0,7.999999999999971,20.0
480,0.0,0.0,0.0,0.0,0.0,0.0
481,-6.66611059546009,-6.5035240868686,-6.553152620101402,-4.996845501327492,-15.2597052038477,-14.563537768398437
482,-5.455583702189408,-5.461117703711607,-5.417287241822221,-2.3744025150310195,-12.74751975228602,-13.763991766395858
483,-5.605061562780367,-5.557591877277507,-5.696220030376423,-4.440939433744781,-13.279635304099443,-11.3514273125
484,-4.492004940688734,-2.374402515406222,-4.480843254547956,-4.861061821973808,-13.09606528041788,-14.035018308291853
485,0.0,0.0,0.0,0.0,0.0,0.0
486,-5.879583013773925,-2.3744025527551167,-3.8419416379544096,-4.874055665775693,-13.584816368401336,-12.504894628115235
487,-2.462382679752801,0.46035168685305883,-4.232388625480713,-2.938228523148357,-11.34814921875,-12.193573059570312
488,-3.8093050201153975,-3.3632152110719202,-4.549579064145118,-2.374402586021845,-14.043534361010895,-12.319367832932134
489,-6.488663488895478,-4.996845490104901,-6.906345218991381,-6.881007860382035,-13.74188843136585,-12.14518095263672
490,0.0,0.0,0.0,0.0,0.0,0.0
491,-6.080776555014661,-6.109223749913633,-6.096532051479144,-4.44093943354992,-14.25252503875128,-13.021017894184693
492,-4.561485569320622,-4.7743451751878965,-4.481447043849938,1.622614669999858,-13.541171548909437,-12.057823599718391
493,2.701083156461758,-0.4717413742804437,2.7888927708500337,4.348906999999999,-6.845684368376546,-6.75745038067898
494,-2.1231697835377195,-1.0830349580780307,0.37609148287610744,1.6226146699999986,-10.748873324409978,-9.64092977792998
495,0.0,0.0,0.0,0.0,0.0,0.0
496,-3.214982084960937,2.914013816215646,-3.236021198730469,-3.4652843153320316,-10.073960424804689,-10.9805
497,-2.754461328125,9.682962907409385,-3.110276826171875,1.3173819707031251,-11.326222265624999,-10.486249999999998
498,-1.272689030159724,2.9085155849124753,-4.024812302666016,-0.540245724312745,-11.9988423359375,-12.94231778256714
499,6.712499998844163,8.702098835436628,10.134600311517715,16.999999999999993,2.0294690132141113,3.697393115507088
